Workbook

Sheet Codifica
A1: # | B1: Partecipante | C1: Estratto | D1: Tipo di estratto | E1: Codice | F1: Tema
A2: 1 | B2: P1 | C2: «Mi posiziono sempre, per l'andata, in testa […] trovo sempre il posto libero» | D2: trascrizione | E2: Sale in testa per trovare posto | F2: T1
A3: 2 | B3: P1 | C3: «Ho una porta e so che […] arrivo giusto dove ci sono le scale per andare al Politecnico» | D3: trascrizione | E3: Sceglie la porta in base all'uscita | F3: T1
A4: 3 | B4: P2 | C4: Si mette in testa o in coda al treno perché c'è meno gente | D4: appunti | E4: Sale in testa/coda per trovare posto | F4: T1
A5: 4 | B5: P2 | C5: Nei primi vagoni, vicino ai controllori, c'è meno gente | D5: appunti | E5: Conosce i vagoni meno pieni | F5: T1
A6: 5 | B6: P2 | C6: L'affollamento dipende da giorni e orari (domenica, rientro serale) | D6: appunti | E6: Conosce i picchi per giorno e orario | F6: T1
A7: 6 | B7: P4 | C7: «il piano in alto della prima o dell'ultima vettura che nessuno sa che esiste» | D7: trascrizione | E7: Piano alto delle carrozze di testa/coda | F7: T1
A8: 7 | B8: P4 | C8: «dove mettermi sul marciapiede per salire già giusto per sedermi» | D8: trascrizione | E8: Sceglie il punto della banchina | F8: T1
A9: 8 | B9: P1 | C9: «No, non consulto niente […] alla fine non è che variano» | D9: trascrizione | E9: Non usa app | F9: T1
A10: 9 | B10: P2 | C10: Usa Google per l'affollamento ma non lo ritiene affidabile | D10: appunti | E10: Non si fida dei dati disponibili | F10: T1
A11: 10 | B11: P3 | C11: «non so neanche se esistono […] dopo tre anni […] ti raccogli» | D11: trascrizione | E11: Si affida all'esperienza | F11: T1
A12: 11 | B12: P4 | C12: «Non funziona sull'applicazione di Trenord» | D12: trascrizione | E12: App Trenord inutilizzabile per l'affollamento | F12: T1
A13: 12 | B13: P1 | C13: «Calcolo in base di solito all'ora d'arrivo in aula» | D13: trascrizione | E13: Treno scelto in base agli impegni | F13: T2
... A43: 42 | B43: P4 | C43: Riferisce di una persona in carrozzina bloccata dagli ascensori guasti a Malnate | D43: appunti | E43: Ascensori guasti (riferito, non diretto) | F43: Isolato

Sheet Temi
A1: Tema | B1: Descrizione | C1: N. codici | D1: P1 | E1: P2 | F1: P3 | G1: P4 | H1: N. partecipanti
A2: T1 | B2: Chi viaggia spesso gestisce la folla con strategie apprese, non con le app | C2: =COUNTIF(Codifica!$F$2:$F$200,A2) -> 11 | D2: =IF(COUNTIFS(Codifica!$F$2:$F$200,$A2,Codifica!$B$2:$B$200,D$1)>0,"✓","") -> ✓ | E2: =IF(COUNTIFS(Codifica!$F$2:$F$200,$A2,Codifica!$B$2:$B$200,E$1)>0,"✓","") -> ✓ | F2: =IF(COUNTIFS(Codifica!$F$2:$F$200,$A2,Codifica!$B$2:$B$200,F$1)>0,"✓","") -> ✓ | G2: =IF(COUNTIFS(Codifica!$F$2:$F$200,$A2,Codifica!$B$2:$B$200,G$1)>0,"✓","") -> ✓ | H2: =COUNTIF(D2:G2,"✓") -> 4
A3: T2 | B3: La folla si evita solo se c'è un'alternativa vicina: con la metro sì, col treno no | C3: =COUNTIF(Codifica!$F$2:$F$200,A3) -> 8 | D3: =IF(COUNTIFS(Codifica!$F$2:$F$200,$A3,Codifica!$B$2:$B$200,D$1)>0,"✓","") -> ✓ | E3: =IF(COUNTIFS(Codifica!$F$2:$F$200,$A3,Codifica!$B$2:$B$200,E$1)>0,"✓","") -> ✓ | F3: =IF(COUNTIFS(Codifica!$F$2:$F$200,$A3,Codifica!$B$2:$B$200,F$1)>0,"✓","") -> ✓ | G3: =IF(COUNTIFS(Codifica!$F$2:$F$200,$A3,Codifica!$B$2:$B$200,G$1)>0,"✓","") -> ✓ | H3: =COUNTIF(D3:G3,"✓") -> 4
A4: T3 | B4: Ritardi e folla vanno insieme: chi viaggia ogni giorno guarda prima l'affidabilità | C4: =COUNTIF(Codifica!$F$2:$F$200,A4) -> 7 | D4: =IF(COUNTIFS(Codifica!$F$2:$F$200,$A4,Codifica!$B$2:$B$200,D$1)>0,"✓","") -> ✓ | E4: =IF(COUNTIFS(Codifica!$F$2:$F$200,$A4,Codifica!$B$2:$B$200,E$1)>0,"✓","") | F4: =IF(COUNTIFS(Codifica!$F$2:$F$200,$A4,Codifica!$B$2:$B$200,F$1)>0,"✓","") -> ✓ | G4: =IF(COUNTIFS(Codifica!$F$2:$F$200,$A4,Codifica!$B$2:$B$200,G$1)>0,"✓","") -> ✓ | H4: =COUNTIF(D4:G4,"✓") -> 3
A5: T4 | B5: I dati sull'affollamento esistono ma non arrivano ai viaggiatori | C5: =COUNTIF(Codifica!$F$2:$F$200,A5) -> 4 | D5: =IF(COUNTIFS(Codifica!$F$2:$F$200,$A5,Codifica!$B$2:$B$200,D$1)>0,"✓","") | E5: =IF(COUNTIFS(Codifica!$F$2:$F$200,$A5,Codifica!$B$2:$B$200,E$1)>0,"✓","") | F5: =IF(COUNTIFS(Codifica!$F$2:$F$200,$A5,Codifica!$B$2:$B$200,F$1)>0,"✓","") -> ✓ | G5: =IF(COUNTIFS(Codifica!$F$2:$F$200,$A5,Codifica!$B$2:$B$200,G$1)>0,"✓","") -> ✓ | H5: =COUNTIF(D5:G5,"✓") -> 2
A6: T5 | B6: L'informazione serve dove si decide: in banchina e a bordo | C6: =COUNTIF(Codifica!$F$2:$F$200,A6) -> 5 | D6: =IF(COUNTIFS(Codifica!$F$2:$F$200,$A6,Codifica!$B$2:$B$200,D$1)>0,"✓","") | E6: =IF(COUNTIFS(Codifica!$F$2:$F$200,$A6,Codifica!$B$2:$B$200,E$1)>0,"✓","") | F6: =IF(COUNTIFS(Codifica!$F$2:$F$200,$A6,Codifica!$B$2:$B$200,F$1)>0,"✓","") | G6: =IF(COUNTIFS(Codifica!$F$2:$F$200,$A6,Codifica!$B$2:$B$200,G$1)>0,"✓","") -> ✓ | H6: =COUNTIF(D6:G6,"✓") -> 1
A7: Isolato | B7: Codici con un solo partecipante: da approfondire, non formano ancora un tema | C7: =COUNTIF(Codifica!$F$2:$F$200,A7) -> 7 | D7: =IF(COUNTIFS(Codifica!$F$2:$F$200,$A7,Codifica!$B$2:$B$200,D$1)>0,"✓","") | E7: =IF(COUNTIFS(Codifica!$F$2:$F$200,$A7,Codifica!$B$2:$B$200,E$1)>0,"✓","") -> ✓ | F7: =IF(COUNTIFS(Codifica!$F$2:$F$200,$A7,Codifica!$B$2:$B$200,F$1)>0,"✓","") -> ✓ | G7: =IF(COUNTIFS(Codifica!$F$2:$F$200,$A7,Codifica!$B$2:$B$200,G$1)>0,"✓","") -> ✓ | H7: =COUNTIF(D7:G7,"✓") -> 3
A8: Totale | C8: =SUM(C2:C7) -> 42

Sheet Partecipanti
A1: Sigla | B1: Profilo | C1: Tipo di utente | D1: Note
A2: P1 | B2: Studente Polimi, pendolare treno + metro, 5 giorni su 7 | C2: Lead | D2: Trascrizione automatica
A3: P2 | B3: Ex pendolare, oggi usa l'auto, treno occasionale | C3: Marginale | D3: Appunti (non verbatim): citazioni da verificare sull'audio
A4: P3 | B4: Studente Polimi, pendolare Tradate–Cadorna + metro, lun–gio | C4: Diretto | D4: Trascrizione automatica
A5: P4 | B5: Macchinista Trenitalia e pendolare Malnate–Milano | C5: Esperto di dominio | D5: Trascrizione automatica
A6: P5 | B6: Persona a mobilità ridotta | C6: Non reclutata | D6: Nessuna risposta al reclutamento

Sheet Note
A1: Analisi tematica — C1 Needfinding
A2: Metodo: codifica induttiva (codici ricavati dai dati), poi raggruppamento dei codici in temi, come nell'esercitazione sul needfinding.
A3: Come aggiungere un codice: nuova riga nel foglio Codifica; Partecipante, Tipo di estratto e Tema hanno un menu a tendina. Il foglio Temi si aggiorna da solo.
A4: «…» = citazione dalla trascrizione automatica: […] indica parti omesse, comprese le volgarità.
A5: Corsivo, senza virgolette = parafrasi da appunti o sintesi, non parole testuali del partecipante.
A6: Isolato = codice con un solo partecipante: non forma un tema (no cherry picking), resta da approfondire.
A7: T5 si basa soprattutto sull'esperto (P4): va validato con gli utenti.
A8: La riga sugli ascensori guasti è riferita da P4, non vissuta da lui: non basta per un tema sulla mobilità ridotta.
A9: Riga 37: si riporta solo il dato neutro; il commento originale del partecipante su chi occupa i vagoni non va citato.
