Workbook

Sheet Codifica
A1: # | B1: Partecipante | C1: Round | D1: Estratto | E1: Tipo di estratto | F1: Codice | G1: Tema
A2: 1 | B2: P1 | C2: C1 | D2: «Mi posiziono sempre, per l'andata, in testa […] trovo sempre il posto libero» | E2: trascrizione | F2: Sale in testa per trovare posto | G2: T1
A3: 2 | B3: P1 | C3: C1 | D3: «Ho una porta e so che […] arrivo giusto dove ci sono le scale per andare al Politecnico» | E3: trascrizione | F3: Sceglie la porta in base all'uscita | G3: T1
A4: 3 | B4: P2 | C4: C1 | D4: Si mette in testa o in coda al treno perché c'è meno gente | E4: appunti | F4: Sale in testa/coda per trovare posto | G4: T1
A5: 4 | B5: P2 | C5: C1 | D5: Nei primi vagoni, vicino ai controllori, c'è meno gente | E5: appunti | F5: Conosce i vagoni meno pieni | G5: T1
A6: 5 | B6: P2 | C6: C1 | D6: L'affollamento dipende da giorni e orari (domenica, rientro serale) | E6: appunti | F6: Conosce i picchi per giorno e orario | G6: T1
A7: 6 | B7: P4 | C7: C1 | D7: «il piano in alto della prima o dell'ultima vettura che nessuno sa che esiste» | E7: trascrizione | F7: Piano alto delle carrozze di testa/coda | G7: T1
A8: 7 | B8: P4 | C8: C1 | D8: «dove mettermi sul marciapiede per salire già giusto per sedermi» | E8: trascrizione | F8: Sceglie il punto della banchina | G8: T1
A9: 8 | B9: P1 | C9: C1 | D9: «No, non consulto niente […] alla fine non è che variano» | E9: trascrizione | F9: Non usa app | G9: T1
A10: 9 | B10: P2 | C10: C1 | D10: Usa Google per l'affollamento ma non lo ritiene affidabile | E10: appunti | F10: Non si fida dei dati disponibili | G10: T1
A11: 10 | B11: P3 | C11: C1 | D11: «non so neanche se esistono […] dopo tre anni […] ti raccogli» | E11: trascrizione | F11: Si affida all'esperienza | G11: T1
A12: 11 | B12: P4 | C12: C1 | D12: «Non funziona sull'applicazione di Trenord» | E12: trascrizione | F12: App Trenord inutilizzabile per l'affollamento | G12: T1
A13: 12 | B13: P1 | C13: C1 | D13: «Calcolo in base di solito all'ora d'arrivo in aula» | E13: trascrizione | F13: Treno scelto in base agli impegni | G13: T2
... A92: 91 | B92: P6 | C92: C2 | D92: «sapere quanta gente c'è prima di salire, se si tratta di metro mi può andare bene; se si tratta di treni non è molto utile» | E92: trascrizione | F92: Affollamento utile per la metro, non per il treno | G92: T2

Sheet Temi
A1: Tema | B1: Descrizione | C1: Nuovo in C2 | D1: N. codici | E1: di cui C2 | F1: P1 | G1: P2 | H1: P3 | I1: P4 | J1: P6 | K1: N. partecipanti
A2: T1 | B2: Chi viaggia spesso gestisce la folla con strategie apprese, non con le app | D2: =COUNTIF(Codifica!$G$2:$G$300,A2) -> 15 | E2: =COUNTIFS(Codifica!$G$2:$G$300,A2,Codifica!$C$2:$C$300,"C2") -> 4 | F2: =IF(COUNTIFS(Codifica!$G$2:$G$300,$A2,Codifica!$B$2:$B$300,F$1)>0,"✓","") -> ✓ | G2: =IF(COUNTIFS(Codifica!$G$2:$G$300,$A2,Codifica!$B$2:$B$300,G$1)>0,"✓","") -> ✓ | H2: =IF(COUNTIFS(Codifica!$G$2:$G$300,$A2,Codifica!$B$2:$B$300,H$1)>0,"✓","") -> ✓ | I2: =IF(COUNTIFS(Codifica!$G$2:$G$300,$A2,Codifica!$B$2:$B$300,I$1)>0,"✓","") -> ✓ | J2: =IF(COUNTIFS(Codifica!$G$2:$G$300,$A2,Codifica!$B$2:$B$300,J$1)>0,"✓","") -> ✓ | K2: =COUNTIF(F2:J2,"✓") -> 5
A3: T2 | B3: La folla si evita solo se c'è un'alternativa vicina: con la metro sì, col treno no | D3: =COUNTIF(Codifica!$G$2:$G$300,A3) -> 18 | E3: =COUNTIFS(Codifica!$G$2:$G$300,A3,Codifica!$C$2:$C$300,"C2") -> 10 | F3: =IF(COUNTIFS(Codifica!$G$2:$G$300,$A3,Codifica!$B$2:$B$300,F$1)>0,"✓","") -> ✓ | G3: =IF(COUNTIFS(Codifica!$G$2:$G$300,$A3,Codifica!$B$2:$B$300,G$1)>0,"✓","") -> ✓ | H3: =IF(COUNTIFS(Codifica!$G$2:$G$300,$A3,Codifica!$B$2:$B$300,H$1)>0,"✓","") -> ✓ | I3: =IF(COUNTIFS(Codifica!$G$2:$G$300,$A3,Codifica!$B$2:$B$300,I$1)>0,"✓","") -> ✓ | J3: =IF(COUNTIFS(Codifica!$G$2:$G$300,$A3,Codifica!$B$2:$B$300,J$1)>0,"✓","") -> ✓ | K3: =COUNTIF(F3:J3,"✓") -> 5
A4: T3 | B4: Ritardi e folla vanno insieme: chi viaggia ogni giorno guarda prima l'affidabilità | D4: =COUNTIF(Codifica!$G$2:$G$300,A4) -> 11 | E4: =COUNTIFS(Codifica!$G$2:$G$300,A4,Codifica!$C$2:$C$300,"C2") -> 4 | F4: =IF(COUNTIFS(Codifica!$G$2:$G$300,$A4,Codifica!$B$2:$B$300,F$1)>0,"✓","") -> ✓ | G4: =IF(COUNTIFS(Codifica!$G$2:$G$300,$A4,Codifica!$B$2:$B$300,G$1)>0,"✓","") -> ✓ | H4: =IF(COUNTIFS(Codifica!$G$2:$G$300,$A4,Codifica!$B$2:$B$300,H$1)>0,"✓","") -> ✓ | I4: =IF(COUNTIFS(Codifica!$G$2:$G$300,$A4,Codifica!$B$2:$B$300,I$1)>0,"✓","") -> ✓ | J4: =IF(COUNTIFS(Codifica!$G$2:$G$300,$A4,Codifica!$B$2:$B$300,J$1)>0,"✓","") -> ✓ | K4: =COUNTIF(F4:J4,"✓") -> 5
A5: T4 | B5: I dati sull'affollamento esistono ma non arrivano ai viaggiatori | D5: =COUNTIF(Codifica!$G$2:$G$300,A5) -> 4 | E5: =COUNTIFS(Codifica!$G$2:$G$300,A5,Codifica!$C$2:$C$300,"C2") -> 0 | F5: =IF(COUNTIFS(Codifica!$G$2:$G$300,$A5,Codifica!$B$2:$B$300,F$1)>0,"✓","") | G5: =IF(COUNTIFS(Codifica!$G$2:$G$300,$A5,Codifica!$B$2:$B$300,G$1)>0,"✓","") | H5: =IF(COUNTIFS(Codifica!$G$2:$G$300,$A5,Codifica!$B$2:$B$300,H$1)>0,"✓","") -> ✓ | I5: =IF(COUNTIFS(Codifica!$G$2:$G$300,$A5,Codifica!$B$2:$B$300,I$1)>0,"✓","") -> ✓ | J5: =IF(COUNTIFS(Codifica!$G$2:$G$300,$A5,Codifica!$B$2:$B$300,J$1)>0,"✓","") | K5: =COUNTIF(F5:J5,"✓") -> 2
A6: T5 | B6: L'informazione serve nel momento in cui si decide: per molti in banchina o a bordo | D6: =COUNTIF(Codifica!$G$2:$G$300,A6) -> 10 | E6: =COUNTIFS(Codifica!$G$2:$G$300,A6,Codifica!$C$2:$C$300,"C2") -> 5 | F6: =IF(COUNTIFS(Codifica!$G$2:$G$300,$A6,Codifica!$B$2:$B$300,F$1)>0,"✓","") -> ✓ | G6: =IF(COUNTIFS(Codifica!$G$2:$G$300,$A6,Codifica!$B$2:$B$300,G$1)>0,"✓","") -> ✓ | H6: =IF(COUNTIFS(Codifica!$G$2:$G$300,$A6,Codifica!$B$2:$B$300,H$1)>0,"✓","") -> ✓ | I6: =IF(COUNTIFS(Codifica!$G$2:$G$300,$A6,Codifica!$B$2:$B$300,I$1)>0,"✓","") -> ✓ | J6: =IF(COUNTIFS(Codifica!$G$2:$G$300,$A6,Codifica!$B$2:$B$300,J$1)>0,"✓","") -> ✓ | K6: =COUNTIF(F6:J6,"✓") -> 5
A7: T6 | B7: Quando il piano salta servono alternative concrete e certe, non avvisi generici | C7: sì | D7: =COUNTIF(Codifica!$G$2:$G$300,A7) -> 8 | E7: =COUNTIFS(Codifica!$G$2:$G$300,A7,Codifica!$C$2:$C$300,"C2") -> 8 | F7: =IF(COUNTIFS(Codifica!$G$2:$G$300,$A7,Codifica!$B$2:$B$300,F$1)>0,"✓","") -> ✓ | G7: =IF(COUNTIFS(Codifica!$G$2:$G$300,$A7,Codifica!$B$2:$B$300,G$1)>0,"✓","") -> ✓ | H7: =IF(COUNTIFS(Codifica!$G$2:$G$300,$A7,Codifica!$B$2:$B$300,H$1)>0,"✓","") -> ✓ | I7: =IF(COUNTIFS(Codifica!$G$2:$G$300,$A7,Codifica!$B$2:$B$300,I$1)>0,"✓","") | J7: =IF(COUNTIFS(Codifica!$G$2:$G$300,$A7,Codifica!$B$2:$B$300,J$1)>0,"✓","") -> ✓ | K7: =COUNTIF(F7:J7,"✓") -> 4
A8: T7 | B8: La folla va stimata senza identificare nessuno: dati anonimi, sotto controllo pubblico, o dai biglietti | C8: sì | D8: =COUNTIF(Codifica!$G$2:$G$300,A8) -> 6 | E8: =COUNTIFS(Codifica!$G$2:$G$300,A8,Codifica!$C$2:$C$300,"C2") -> 6 | F8: =IF(COUNTIFS(Codifica!$G$2:$G$300,$A8,Codifica!$B$2:$B$300,F$1)>0,"✓","") -> ✓ | G8: =IF(COUNTIFS(Codifica!$G$2:$G$300,$A8,Codifica!$B$2:$B$300,G$1)>0,"✓","") -> ✓ | H8: =IF(COUNTIFS(Codifica!$G$2:$G$300,$A8,Codifica!$B$2:$B$300,H$1)>0,"✓","") -> ✓ | I8: =IF(COUNTIFS(Codifica!$G$2:$G$300,$A8,Codifica!$B$2:$B$300,I$1)>0,"✓","") | J8: =IF(COUNTIFS(Codifica!$G$2:$G$300,$A8,Codifica!$B$2:$B$300,J$1)>0,"✓","") -> ✓ | K8: =COUNTIF(F8:J8,"✓") -> 4
A9: T8 | B9: L'informazione deve arrivare da sola, ma solo per i viaggi che contano | C9: sì | D9: =COUNTIF(Codifica!$G$2:$G$300,A9) -> 3 | E9: =COUNTIFS(Codifica!$G$2:$G$300,A9,Codifica!$C$2:$C$300,"C2") -> 3 | F9: =IF(COUNTIFS(Codifica!$G$2:$G$300,$A9,Codifica!$B$2:$B$300,F$1)>0,"✓","") | G9: =IF(COUNTIFS(Codifica!$G$2:$G$300,$A9,Codifica!$B$2:$B$300,G$1)>0,"✓","") -> ✓ | H9: =IF(COUNTIFS(Codifica!$G$2:$G$300,$A9,Codifica!$B$2:$B$300,H$1)>0,"✓","") -> ✓ | I9: =IF(COUNTIFS(Codifica!$G$2:$G$300,$A9,Codifica!$B$2:$B$300,I$1)>0,"✓","") | J9: =IF(COUNTIFS(Codifica!$G$2:$G$300,$A9,Codifica!$B$2:$B$300,J$1)>0,"✓","") -> ✓ | K9: =COUNTIF(F9:J9,"✓") -> 3
A10: T9 | B10: Lo storico conferma l'abitudine; il tempo reale serve quando qualcosa cambia | C10: sì | D10: =COUNTIF(Codifica!$G$2:$G$300,A10) -> 4 | E10: =COUNTIFS(Codifica!$G$2:$G$300,A10,Codifica!$C$2:$C$300,"C2") -> 4 | F10: =IF(COUNTIFS(Codifica!$G$2:$G$300,$A10,Codifica!$B$2:$B$300,F$1)>0,"✓","") -> ✓ | G10: =IF(COUNTIFS(Codifica!$G$2:$G$300,$A10,Codifica!$B$2:$B$300,G$1)>0,"✓","") -> ✓ | H10: =IF(COUNTIFS(Codifica!$G$2:$G$300,$A10,Codifica!$B$2:$B$300,H$1)>0,"✓","") -> ✓ | I10: =IF(COUNTIFS(Codifica!$G$2:$G$300,$A10,Codifica!$B$2:$B$300,I$1)>0,"✓","") | J10: =IF(COUNTIFS(Codifica!$G$2:$G$300,$A10,Codifica!$B$2:$B$300,J$1)>0,"✓","") -> ✓ | K10: =COUNTIF(F10:J10,"✓") -> 4
A11: Isolato | B11: Codici con un solo partecipante o non vissuti in prima persona: da approfondire | D11: =COUNTIF(Codifica!$G$2:$G$300,A11) -> 12 | E11: =COUNTIFS(Codifica!$G$2:$G$300,A11,Codifica!$C$2:$C$300,"C2") -> 5 | F11: =IF(COUNTIFS(Codifica!$G$2:$G$300,$A11,Codifica!$B$2:$B$300,F$1)>0,"✓","") | G11: =IF(COUNTIFS(Codifica!$G$2:$G$300,$A11,Codifica!$B$2:$B$300,G$1)>0,"✓","") -> ✓ | H11: =IF(COUNTIFS(Codifica!$G$2:$G$300,$A11,Codifica!$B$2:$B$300,H$1)>0,"✓","") -> ✓ | I11: =IF(COUNTIFS(Codifica!$G$2:$G$300,$A11,Codifica!$B$2:$B$300,I$1)>0,"✓","") -> ✓ | J11: =IF(COUNTIFS(Codifica!$G$2:$G$300,$A11,Codifica!$B$2:$B$300,J$1)>0,"✓","") -> ✓ | K11: =COUNTIF(F11:J11,"✓") -> 4
A12: Totale | D12: =SUM(D2:D11) -> 91 | E12: =SUM(E2:E11) -> 49

Sheet Partecipanti
A1: Sigla | B1: Profilo | C1: Tipo di utente | D1: C1 | E1: C2 | F1: Fonte
A2: P1 | B2: Studente Polimi, pendolare treno + metro, 5 giorni su 7 | C2: Lead | D2: ✓ | E2: ✓ | F2: C1: trascrizione automatica · C2: vocale trascritto
A3: P2 | B3: Ex pendolare, oggi usa l'auto, treno occasionale | C3: Marginale | D3: ✓ | E3: ✓ | F3: C1: appunti (non verbatim) · C2: risposte scritte
A4: P3 | B4: Studente Polimi, pendolare Tradate–Cadorna + metro, lun–gio | C4: Diretto | D4: ✓ | E4: ✓ | F4: C1: trascrizione automatica · C2: vocale trascritto
A5: P4 | B5: Macchinista Trenitalia e pendolare Malnate–Milano | C5: Esperto di dominio | D5: ✓ | F5: C1: trascrizione automatica
A6: P5 | B6: Persona a mobilità ridotta | C6: Non reclutata | F6: Nessuna risposta al reclutamento
A7: P6 | B7: Studente pendolare treno + metro (nuovo in C2) | C7: Diretto / utente immediato | E7: ✓ | F7: C2: vocale trascritto

Sheet Note
A1: Analisi tematica — C1 + C2
A2: Metodo: codifica induttiva (codici ricavati dai dati), poi raggruppamento dei codici in temi, come nell'esercitazione sul needfinding. La colonna Round distingue le interviste del Compito 1 (C1) dalle nuove risposte del Compito 2 (C2).
A3: Formato C2: i partecipanti hanno risposto alla nuova traccia in modo asincrono (vocali WhatsApp trascritti, P2 per iscritto). Non è stato possibile fare domande di approfondimento: è un limite da dichiarare nelle slide.
A4: Temi nuovi in C2: T6 (imprevisti e alternative), T7 (privacy e fiducia nei dati), T8 (notifiche filtrate), T9 (storico e tempo reale). T5 ora è supportato anche dagli utenti (P1, P2, P3, P6), non solo dall'esperto.
A5: Codici di T7: la domanda citava «il nostro sondaggio» e le telecamere con IA, quindi le risposte possono essere state influenzate dalla formulazione.
A6: Come aggiungere un codice: nuova riga nel foglio Codifica; Partecipante, Round, Tipo di estratto e Tema hanno un menu a tendina. Il foglio Temi si aggiorna da solo.
A7: «…» = citazione dalla trascrizione automatica o dalla risposta scritta: le trascrizioni vanno verificate sull'audio prima della consegna. […] indica parti omesse; [testo] indica contesto aggiunto da noi.
A8: Corsivo, senza virgolette = parafrasi da appunti, non parole testuali del partecipante.
A9: Isolato = codice con un solo partecipante o non vissuto in prima persona: non forma un tema (no cherry picking). L'accessibilità resta qui: nessun partecipante a mobilità ridotta; P4 riferisce, P6 ipotizza.
A10: Righe 37 e P3/C2 sulla scelta del vagone: si riporta solo il dato neutro; i commenti originali del partecipante su chi occupa i vagoni non vanno citati.
A11: P5 è riservato alla persona a mobilità ridotta non reclutata; il nuovo partecipante del C2 è P6.
